"record_type","contest_id","title","content","author_member_id","author_name","created_at","comment_deadline","prize_title","prize_description","prize_expires_at","attachment_urls","comment_id","heart_count","winner_name"
"contest","1531090130834559107","第23回 立ち飲み屋","\ 第23回！グルメ選手権開催 / 

今回のテーマは…

立ち飲み屋 ,ガード下の味わい深い名店から、一串入魂の焼き鳥店、サクッと立ち寄れるおしゃれなセンベロバルまで！
「仕事帰りに一杯だけ…のつもりが居心地が良すぎる！」「安くて美味いあてとキリッと冷えたレモンサワーが最高！」
そんなあなたのイチオシ立ち飲み屋を教えてください！

定番の老舗居酒屋はもちろん、最近注目の立ち飲みバルや隠れ家店も大歓迎です！

 景品,期間中に一番多くのリアクション「」を集めた優勝者には…

【IRO+イベントクーポン 3,000円分】をプレゼント！, 参加方法,このチャンネルに、以下の項目を書いて投稿するだけ！
もし写真があればぜひ投稿お願いします！

おすすめのメニュー・おつまみ：,店名・場所：,推しポイント（一言でOK！）：,
 開催期間,7/27-8/8

「これ好き！」「美味しそう！」と思ったら、ぜひ「」で投票してください！,皆さんの「最強立ち飲み屋」報告、お待ちしてます！！グラス

@everyone","discord-operator","IRO+運営","2026-07-27T00:05:33.470Z","2026-08-08","IRO+イベントクーポン 3,000円分","Discordから移行した過去大会","","","","","サら"
"comment","1531090130834559107","","鶏皮煮込み、酒粕おでん、大人のたまごどうふ,つねまつ久蔵商店@月島,https://tabelog.com/tokyo/A1313/A131302/13192007/月島の人気立ち飲み店で、平日も早い時間から賑わっています！けやきの木のカウンターが店内中央に鎮座しており、とてもかっこいいです。,日本酒はもちろん、おつまみのラインナップも豊富なので、ちょい飲みはもちろん、1軒目利用もおすすめしたいです！
島根を中心とした日本酒がメインのお店ですが、ビールがまた美味しいので、ビール好きの方もたのしめると思います (編集済)2026年8月7日金曜日 10:02","971320405342171166","サら","2026-08-03T13:51:57.623Z","","","","","https://cdn.discordapp.com/attachments/1531090130834559107/1533834817052082176/IMG_4354.png?ex=6a7e74bd&is=6a7d233d&hm=6bb2977551725126629f37a0884e401b4a6a1e1b5d3299f9a39416fc8ba767c1&|https://cdn.discordapp.com/attachments/1531090130834559107/1533834817404272872/IMG_4353.png?ex=6a7e74bd&is=6a7d233d&hm=c9f0f3c0d9a2acc4e84529e0e7669c1d473c56df1d6630d3ea6f9978fd6d2d18&","1533834816905023518","2",""
"comment","1531090130834559107","","1.牡蠣の燻製、茄子、ムール　　　貝の酒蒸し
2.オステリア ダ アダ 銀座
東京都中央区銀座6-4-3 GICROS 4F
https://tabelog.com/tokyo/A1301/A130101/13240885/
3.リーズナブルにサクッとヴェネチア本場の料理とワインが楽します
昼飲みでパスタなしだと2000円以内でコスパ良かったです！
奥にテーブル席もあるので立ち飲み以外でも◎ (編集済)2026年8月8日土曜日 23:16","1522253038994063410","りか","2026-08-08T14:13:05.829Z","","","","","https://cdn.discordapp.com/attachments/1531090130834559107/1535652129002491955/IMG_1576.png?ex=6a7e79be&is=6a7d283e&hm=2ae6d58879a3900c6e830c8a785d4d417d25da76e819d4e075a1c7b194071d1b&|https://cdn.discordapp.com/attachments/1531090130834559107/1535652129518133368/IMG_1575.png?ex=6a7e79be&is=6a7d283e&hm=d68da137b707eb8c4a0201348648c48b766dad92cd1765be94ac0edd9be5d6f7&|https://cdn.discordapp.com/attachments/1531090130834559107/1535652129828634694/IMG_1572.jpg?ex=6a7e79be&is=6a7d283e&hm=0c39474a5e08a6d809ff4bd43d0841cc2622743c5f7cb278525f84ebbb45be30&","1535652075474649130","0",""
"comment","1531090130834559107","","@りか こんなおしゃれな立ち飲み屋が！！！","789786995970015242","たけまる【運営】","2026-08-09T01:40:21.415Z","","","","","https://cdn.discordapp.com/attachments/1531090130834559107/1535825987873275964/640x640_rect_ead9f652996439c3fa4d6e6b5d087627.jpg?ex=6a7e72e9&is=6a7d2169&hm=ebc6ac9b565d3ad8a71cfb5acdb76776cc914f7574c145105f36fe6697bf8ac0&|https://cdn.discordapp.com/attachments/1531090130834559107/1535825988204761332/2026-08-09_104229.png?ex=6a7e72e9&is=6a7d2169&hm=aef89cc3a5052987f92259017b4cf6830725fff7178cef6ea22273bdfe0cf1f0&","1535825030058086441","0",""
"comment","1531090130834559107","","@たけまる【運営】 ぜひ！！
池袋の小島も気になります","1522253038994063410","りか","2026-08-09T06:59:06.674Z","","","","","","1535905247208411156","0",""
"comment","1531090130834559107","","いってみまーす！！！！！","789786995970015242","たけまる【運営】","2026-08-09T07:23:48.296Z","","","","","","1535911461581492294","0",""
"comment","1531090130834559107","","わ〜ありがとうございますとってもおすすめのお店なので、ご興味のある方がいらっしゃれば皆さまとご一緒できますと嬉しいです、、 (編集済)2026年8月10日月曜日 0:00","971320405342171166","サら","2026-08-09T13:43:33.001Z","","","","","","1536007027560808470","0",""
"contest","1525867759475621908","第22回 No.1 オムライス選手権","\ 第22回！グルメ選手権開催 / 

今回のテーマは…

No.1 オムライス選手権 ,昔ながらの洋食屋さんの王道薄皮たまご、カフェで出会うとろ〜り半熟ドレスドオムライス、濃厚なデミグラスソースやホワイトソースがかかった絶品まで！
「スプーンを入れた瞬間にとろけ出すたまごがたまらない…！」「ケチャップライスの香ばしさとバターのコクが最高！」
そんなあなたのイチオシオムライスを教えてください！

老舗の有名店はもちろん、隠れ家カフェ、おうちで作る自信作やコンビニ・お弁当のオムライスも大歓迎です！

 景品,期間中に一番多くのリアクション「」を集めた優勝者には…

【IRO+イベントクーポン 3,000円分】をプレゼント！, 参加方法,このチャンネルに、以下の項目を書いて投稿するだけ！
もし写真があればぜひ投稿お願いします！

オムライスの種類・メニュー名：,店名・場所・ブランド名など：,推しポイント（一言でOK！）：,
 開催期間,7/12-7/25

「これ好き！」「美味しそう！」と思ったら、ぜひ「」で投票してください！,皆さんの「最強オムライス」報告、お待ちしてます！！

@everyone","1334056760863883294","IRO+運営スレ主スレッド作成者","2026-07-12T14:13:43.111Z","2026-07-25","IRO+イベントクーポン 3,000円分","Discordから移行した過去大会","","https://cdn.discordapp.com/attachments/1525867759475621908/1525867760091926599/11.png?ex=6a7e79d7&is=6a7d2857&hm=75d5428096a40c4a545d3ded83fb1b6b23fa0d047d56b9278dcee41309a7e9a8&","","","こーすけ【🥈SILVER 】"
"comment","1525867759475621908","","1 新宿特製オムライス
2 珈琲西武
3 ふわとろ卵好きにはたまらないオムライスでした
卵のとろっとした食感と、ぎっしり詰まったご飯でボリュームも満点

昭和レトロな雰囲気の店内も素敵で、ゆっくり過ごせるのも魅力
人気店なので並ぶこともありますが、店内は広めで回転率も良かったです (編集済)2026年7月13日月曜日 20:55","1458658308004249632","shio","2026-07-13T11:30:53.504Z","","","","","https://cdn.discordapp.com/attachments/1525867759475621908/1526189170278793387/IMG_5630.jpg?ex=6a7e53ad&is=6a7d022d&hm=714bae03c5acbbd6a990912e3e6c69a34a4864d03403fa55487fcfcb1c6711b0&","1526189170639507466","2",""
"comment","1525867759475621908","","1 .全部のせオムライス
2 .オムの細道

推しポイント,お子さまランチのような夢が詰まったオムライス

完全予約制で毎日満席です。オムハヤシやチーズオムライスも絶品 (編集済)2026年7月13日月曜日 22:36","1059373969590984764","天ぷら(てつや【🥇GOLD 】","2026-07-13T13:35:29.482Z","","","","","https://cdn.discordapp.com/attachments/1525867759475621908/1526220526920536184/20260405_132709.jpg?ex=6a7e70e1&is=6a7d1f61&hm=6792f5d079ab0e5310ccb0d4910674b09b7afae1fee3ba08195dda993e7a3d8c&","1526220527163670638","4",""
"comment","1525867759475621908","","Kichikichiオムライス,ザ・洋食屋　キチ・キチ,https://s.tabelog.com/kyoto/A2601/A260301/26000226/調理パフォーマンスが人気な京都の有名洋食屋さんのオムライスです,
数年前に当日席で伺ったのですが、今は完全予約制のようです…！
10人分のご飯を一度にフライパンで調理する迫力に加え、目の前でオムレツを割って仕上げてくれる演出が特徴的です
特別感のある体験としてとても印象に残っています
(画質粗々ですみせん、、) (編集済)2026年7月14日火曜日 1:17","1452174899438288918","Hazuki","2026-07-13T16:13:37.860Z","","","","","https://cdn.discordapp.com/attachments/1525867759475621908/1526260325203181660/IMG_7688.jpg?ex=6a7e95f2&is=6a7d4472&hm=06f4a740eaa9ad384bcac3aa29100541864b18250d2e507a694e8fddccceb1b4&|https://cdn.discordapp.com/attachments/1525867759475621908/1526260326176395505/IMG_7689.jpg?ex=6a7e95f2&is=6a7d4472&hm=776a6725e3d83d68d658201fdfdd1579054aefa67ccf0ca6cf98154e49344cf6&|https://cdn.discordapp.com/attachments/1525867759475621908/1526260326624923851/IMG_7712.jpg?ex=6a7e95f2&is=6a7d4472&hm=394d85c8d99b96d6bf4dd0ee4366dfbe09b3a82bebf12a20f09270bd179a8eea&|https://cdn.discordapp.com/attachments/1525867759475621908/1526260327035961486/IMG_7713.jpg?ex=6a7e95f2&is=6a7d4472&hm=95f9d65c1b281816d20cefa1d1531cf240e23b5c30aa5df06fd9b98d8bc6adaa&|https://cdn.discordapp.com/attachments/1525867759475621908/1526260327556317314/IMG_7715.jpg?ex=6a7e95f2&is=6a7d4472&hm=32e8bec482ade4027a3f567660c2eb905010fbfcf2b752b75953967cd5870b81&|https://cdn.discordapp.com/attachments/1525867759475621908/1526260328026079233/video_16957336305207-eePWtuxL.mp4?ex=6a7e95f2&is=6a7d4472&hm=579b003473a9c87a896dbcb7b5d26043a1fef6202e6e0125c94a5a1aa9b2b2eb&|https://cdn.discordapp.com/attachments/1525867759475621908/1526260329221456024/IMG_7678.jpg?ex=6a7e95f3&is=6a7d4473&hm=6abf3f909553dcefd8479a801ab5e4c9f134ac5722eb46de630fd07c07565994&|https://cdn.discordapp.com/attachments/1525867759475621908/1526260329812594869/IMG_7680.jpg?ex=6a7e95f3&is=6a7d4473&hm=ec45653547bb3c463c600a96581e52551e8158ecb5763d034f42f2b8a4b3cee5&","1526260324305604618","0",""
"comment","1525867759475621908","","Kichikichiオムライス,ザ・洋食屋　キチ・キチ,https://s.tabelog.com/kyoto/A2601/A260301/26000226/調理パフォーマンスが人気な京都の有名洋食屋さんのオムライスです, 数年前に当日席で伺ったのですが、今は完全予約制のようです…！ 10人分のご飯を一度にフライパンで調理する迫力に加え、目の前でオムレツを割って仕上げてくれる演出が特徴的です 特別感のある体験としてとても印象に残っています (画質粗々ですみせん、、) (編集済)2026年7月14日火曜日 1:17","1119606639763390545","Non【IRO+代表】","2026-07-13T16:17:05.185Z","","","","","","1526260324305604618","0",""